series,slope_per_day,kendall_tau,kendall_p
SO2,-7.060646790264697e-05,,
NO2,-0.0006365527640765844,,
O3,-0.0022036651900453103,,
PM25,-0.0003324337165113251,,
DPBI,-5.6558050599745554e-05,,
